"invoice_id","customer_id","invoice_date","due_date","amount","currency"
"INV-1001","CUST-MAPLE","2026-09-01","2026-10-01","1250.00","CAD"
"INV-1002","CUST-MAPLE","2026-09-01","2026-10-01","1250.00","CAD"
"INV-1003","CUST-BIRCH","2026-09-01","2026-10-01","480.00","CAD"
"INV-1004","CUST-CEDAR","2026-09-01","2026-10-01","1000.00","CAD"
"INV-1005","CUST-ELM","2026-09-01","2026-10-01","750.00","CAD"
"INV-1006","CUST-PINE","2026-09-01","2026-10-01","1800.00","CAD"
"INV-1007","CUST-WILLOW","2026-09-01","2026-10-01","600.00","CAD"
"INV-1008","CUST-ASPEN","2026-09-01","2026-10-01","900.00","CAD"
"INV-1009","CUST-SPRUCE","2026-09-01","2026-10-01","300.00","CAD"
"INV-1010","CUST-RIVER","2026-09-01","2026-10-01","550.00","CAD"
"INV-1011","CUST-HARBOR","2026-09-01","2026-10-01","840.00","CAD"
"INV-1012","CUST-MEADOW","2026-09-01","2026-10-01","360.00","CAD"
"INV-1013","CUST-000001","2026-09-03","2026-10-01","3045.40","CAD"
"INV-1014","CUST-000001","2026-09-04","2026-10-01","4277.08","CAD"
"INV-1015","CUST-000001","2026-09-03","2026-10-01","956.58","CAD"
"INV-1016","CUST-000001","2026-09-04","2026-10-01","1438.81","CAD"
"INV-1017","CUST-000001","2026-09-03","2026-10-01","4340.82","CAD"
"INV-1018","CUST-000001","2026-09-05","2026-10-01","1324.62","CAD"
"INV-1019","CUST-000001","2026-09-02","2026-10-01","3754.11","CAD"
"INV-1020","CUST-000001","2026-09-03","2026-10-01","1066.54","CAD"
"INV-1021","CUST-000002","2026-09-04","2026-10-01","3464.39","CAD"
"INV-1022","CUST-000002","2026-09-03","2026-10-01","118.83","CAD"
"INV-1023","CUST-000002","2026-09-01","2026-10-01","4202.95","CAD"
"INV-1024","CUST-000002","2026-09-01","2026-10-01","3002.38","CAD"
"INV-1025","CUST-000002","2026-09-01","2026-10-01","1408.08","CAD"
"INV-1026","CUST-000002","2026-09-04","2026-10-01","1009.87","CAD"
"INV-1027","CUST-000002","2026-09-01","2026-10-01","2698.64","CAD"
"INV-1028","CUST-000002","2026-09-05","2026-10-01","947.72","CAD"
"INV-1029","CUST-000003","2026-09-05","2026-10-01","2489.92","CAD"
"INV-1030","CUST-000003","2026-09-03","2026-10-01","1665.36","CAD"
"INV-1031","CUST-000003","2026-09-01","2026-10-01","283.45","CAD"
"INV-1032","CUST-000003","2026-09-03","2026-10-01","2827.33","CAD"
"INV-1033","CUST-000003","2026-09-04","2026-10-01","1301.35","CAD"
"INV-1034","CUST-000003","2026-09-02","2026-10-01","1126.60","CAD"
"INV-1035","CUST-000003","2026-09-05","2026-10-01","3719.24","CAD"
"INV-1036","CUST-000003","2026-09-02","2026-10-01","2589.18","CAD"
"INV-1037","CUST-000004","2026-09-02","2026-10-01","1492.61","CAD"
"INV-1038","CUST-000004","2026-09-04","2026-10-01","466.00","CAD"
"INV-1039","CUST-000004","2026-09-04","2026-10-01","3435.76","CAD"
"INV-1040","CUST-000004","2026-09-01","2026-10-01","4646.41","CAD"
"INV-1041","CUST-000004","2026-09-03","2026-10-01","4724.30","CAD"
"INV-1042","CUST-000004","2026-09-01","2026-10-01","4717.24","CAD"
"INV-1043","CUST-000004","2026-09-01","2026-10-01","643.62","CAD"
"INV-1044","CUST-000004","2026-09-03","2026-10-01","1866.18","CAD"
"INV-1045","CUST-000005","2026-09-05","2026-10-01","3098.41","CAD"
"INV-1046","CUST-000005","2026-09-04","2026-10-01","480.15","CAD"
"INV-1047","CUST-000005","2026-09-02","2026-10-01","4680.85","CAD"
"INV-1048","CUST-000005","2026-09-01","2026-10-01","3562.26","CAD"
"INV-1049","CUST-000005","2026-09-05","2026-10-01","2649.55","CAD"
"INV-1050","CUST-000005","2026-09-05","2026-10-01","690.90","CAD"
"INV-1051","CUST-000005","2026-09-05","2026-10-01","2857.72","CAD"
"INV-1052","CUST-000005","2026-09-03","2026-10-01","2226.55","CAD"
"INV-1053","CUST-000006","2026-09-03","2026-10-01","1751.11","CAD"
"INV-1054","CUST-000006","2026-09-04","2026-10-01","1682.49","CAD"
"INV-1055","CUST-000006","2026-09-03","2026-10-01","1546.52","CAD"
"INV-1056","CUST-000006","2026-09-04","2026-10-01","4231.31","CAD"
"INV-1057","CUST-000006","2026-09-05","2026-10-01","4970.65","CAD"
"INV-1058","CUST-000006","2026-09-03","2026-10-01","2216.26","CAD"
"INV-1059","CUST-000006","2026-09-01","2026-10-01","1550.05","CAD"
"INV-1060","CUST-000006","2026-09-02","2026-10-01","3513.93","CAD"
"INV-1061","CUST-000007","2026-09-05","2026-10-01","3951.11","CAD"
"INV-1062","CUST-000007","2026-09-03","2026-10-01","558.84","CAD"
"INV-1063","CUST-000007","2026-09-01","2026-10-01","4127.55","CAD"
"INV-1064","CUST-000007","2026-09-01","2026-10-01","4866.45","CAD"
"INV-1065","CUST-000007","2026-09-04","2026-10-01","3576.20","CAD"
"INV-1066","CUST-000007","2026-09-03","2026-10-01","1193.59","CAD"
"INV-1067","CUST-000007","2026-09-04","2026-10-01","900.84","CAD"
"INV-1068","CUST-000007","2026-09-02","2026-10-01","1746.06","CAD"
"INV-1069","CUST-000008","2026-09-05","2026-10-01","3181.62","CAD"
"INV-1070","CUST-000008","2026-09-04","2026-10-01","1699.25","CAD"
"INV-1071","CUST-000008","2026-09-01","2026-10-01","2025.43","CAD"
"INV-1072","CUST-000008","2026-09-02","2026-10-01","4332.14","CAD"
"INV-1073","CUST-000008","2026-09-04","2026-10-01","146.67","CAD"
"INV-1074","CUST-000008","2026-09-05","2026-10-01","3212.79","CAD"
"INV-1075","CUST-000008","2026-09-02","2026-10-01","4550.00","CAD"
"INV-1076","CUST-000008","2026-09-03","2026-10-01","3059.26","CAD"
"INV-1077","CUST-000009","2026-09-01","2026-10-01","1001.71","CAD"
"INV-1078","CUST-000009","2026-09-04","2026-10-01","3557.20","CAD"
"INV-1079","CUST-000009","2026-09-02","2026-10-01","1528.31","CAD"
"INV-1080","CUST-000009","2026-09-01","2026-10-01","1749.33","CAD"
"INV-1081","CUST-000009","2026-09-05","2026-10-01","1182.38","CAD"
"INV-1082","CUST-000009","2026-09-05","2026-10-01","2904.52","CAD"
"INV-1083","CUST-000009","2026-09-01","2026-10-01","902.94","CAD"
"INV-1084","CUST-000009","2026-09-02","2026-10-01","2848.72","CAD"
"INV-1085","CUST-000010","2026-09-03","2026-10-01","2033.81","CAD"
"INV-1086","CUST-000010","2026-09-04","2026-10-01","2149.94","CAD"
"INV-1087","CUST-000010","2026-09-02","2026-10-01","2052.71","CAD"
"INV-1088","CUST-000010","2026-09-02","2026-10-01","4488.64","CAD"
"INV-1089","CUST-000010","2026-09-04","2026-10-01","2526.78","CAD"
"INV-1090","CUST-000010","2026-09-03","2026-10-01","2777.17","CAD"
"INV-1091","CUST-000010","2026-09-02","2026-10-01","1253.49","CAD"
"INV-1092","CUST-000010","2026-09-02","2026-10-01","1564.02","CAD"
"INV-1093","CUST-000011","2026-09-02","2026-10-01","3379.54","CAD"
"INV-1094","CUST-000011","2026-09-04","2026-10-01","929.59","CAD"
"INV-1095","CUST-000011","2026-09-01","2026-10-01","1639.69","CAD"
"INV-1096","CUST-000011","2026-09-01","2026-10-01","1637.59","CAD"
"INV-1097","CUST-000011","2026-09-02","2026-10-01","2929.92","CAD"
"INV-1098","CUST-000011","2026-09-02","2026-10-01","2459.51","CAD"
"INV-1099","CUST-000011","2026-09-05","2026-10-01","3589.04","CAD"
"INV-1100","CUST-000011","2026-09-03","2026-10-01","4077.32","CAD"
"INV-1101","CUST-000012","2026-09-05","2026-10-01","855.29","CAD"
"INV-1102","CUST-000012","2026-09-05","2026-10-01","2675.80","CAD"
"INV-1103","CUST-000012","2026-09-03","2026-10-01","4483.07","CAD"
"INV-1104","CUST-000012","2026-09-04","2026-10-01","818.32","CAD"
"INV-1105","CUST-000012","2026-09-02","2026-10-01","4057.20","CAD"
"INV-1106","CUST-000012","2026-09-03","2026-10-01","2009.25","CAD"
"INV-1107","CUST-000012","2026-09-03","2026-10-01","4924.00","CAD"
"INV-1108","CUST-000012","2026-09-05","2026-10-01","4311.46","CAD"
"INV-1109","CUST-000013","2026-09-01","2026-10-01","3743.74","CAD"
"INV-1110","CUST-000013","2026-09-01","2026-10-01","439.76","CAD"
"INV-1111","CUST-000013","2026-09-04","2026-10-01","2582.05","CAD"
"INV-1112","CUST-000013","2026-09-05","2026-10-01","3827.91","CAD"
"INV-1113","CUST-000013","2026-09-04","2026-10-01","4098.28","CAD"
"INV-1114","CUST-000013","2026-09-05","2026-10-01","4201.18","CAD"
"INV-1115","CUST-000013","2026-09-02","2026-10-01","3037.00","CAD"
"INV-1116","CUST-000013","2026-09-05","2026-10-01","2289.84","CAD"
"INV-1117","CUST-000014","2026-09-02","2026-10-01","3436.84","CAD"
"INV-1118","CUST-000014","2026-09-04","2026-10-01","4693.90","CAD"
"INV-1119","CUST-000014","2026-09-05","2026-10-01","1713.72","CAD"
"INV-1120","CUST-000014","2026-09-02","2026-10-01","842.81","CAD"
"INV-1121","CUST-000014","2026-09-01","2026-10-01","197.85","CAD"
"INV-1122","CUST-000014","2026-09-04","2026-10-01","3273.51","CAD"
"INV-1123","CUST-000014","2026-09-05","2026-10-01","4784.11","CAD"
"INV-1124","CUST-000014","2026-09-04","2026-10-01","2384.61","CAD"
"INV-1125","CUST-000015","2026-09-02","2026-10-01","811.24","CAD"
"INV-1126","CUST-000015","2026-09-01","2026-10-01","781.77","CAD"
"INV-1127","CUST-000015","2026-09-03","2026-10-01","1525.82","CAD"
"INV-1128","CUST-000015","2026-09-04","2026-10-01","2886.94","CAD"
"INV-1129","CUST-000015","2026-09-04","2026-10-01","3988.50","CAD"
"INV-1130","CUST-000015","2026-09-04","2026-10-01","1060.03","CAD"
"INV-1131","CUST-000015","2026-09-03","2026-10-01","2637.24","CAD"
"INV-1132","CUST-000015","2026-09-03","2026-10-01","2398.23","CAD"
"INV-1133","CUST-000016","2026-09-02","2026-10-01","2182.76","CAD"
"INV-1134","CUST-000016","2026-09-01","2026-10-01","1607.21","CAD"
"INV-1135","CUST-000016","2026-09-02","2026-10-01","2572.52","CAD"
"INV-1136","CUST-000016","2026-09-03","2026-10-01","2699.73","CAD"
"INV-1137","CUST-000016","2026-09-03","2026-10-01","3272.13","CAD"
"INV-1138","CUST-000016","2026-09-01","2026-10-01","760.64","CAD"
"INV-1139","CUST-000016","2026-09-05","2026-10-01","826.06","CAD"
"INV-1140","CUST-000016","2026-09-05","2026-10-01","439.56","CAD"
"INV-1141","CUST-000017","2026-09-03","2026-10-01","2208.95","CAD"
"INV-1142","CUST-000017","2026-09-05","2026-10-01","584.07","CAD"
"INV-1143","CUST-000017","2026-09-02","2026-10-01","378.00","CAD"
"INV-1144","CUST-000017","2026-09-04","2026-10-01","1225.57","CAD"
"INV-1145","CUST-000017","2026-09-01","2026-10-01","2863.84","CAD"
"INV-1146","CUST-000017","2026-09-04","2026-10-01","4835.32","CAD"
"INV-1147","CUST-000017","2026-09-04","2026-10-01","3339.88","CAD"
"INV-1148","CUST-000017","2026-09-05","2026-10-01","2789.16","CAD"
"INV-1149","CUST-000018","2026-09-01","2026-10-01","2682.56","CAD"
"INV-1150","CUST-000018","2026-09-01","2026-10-01","482.62","CAD"
"INV-1151","CUST-000018","2026-09-02","2026-10-01","391.91","CAD"
"INV-1152","CUST-000018","2026-09-04","2026-10-01","3393.48","CAD"
"INV-1153","CUST-000018","2026-09-05","2026-10-01","2848.90","CAD"
"INV-1154","CUST-000018","2026-09-02","2026-10-01","208.45","CAD"
"INV-1155","CUST-000018","2026-09-02","2026-10-01","1755.40","CAD"
"INV-1156","CUST-000018","2026-09-03","2026-10-01","4182.19","CAD"
"INV-1157","CUST-000019","2026-09-05","2026-10-01","1104.33","CAD"
"INV-1158","CUST-000019","2026-09-02","2026-10-01","4765.27","CAD"
"INV-1159","CUST-000019","2026-09-05","2026-10-01","2639.96","CAD"
"INV-1160","CUST-000019","2026-09-04","2026-10-01","4683.19","CAD"
"INV-1161","CUST-000019","2026-09-05","2026-10-01","2885.82","CAD"
"INV-1162","CUST-000019","2026-09-03","2026-10-01","1628.68","CAD"
"INV-1163","CUST-000019","2026-09-03","2026-10-01","3776.22","CAD"
"INV-1164","CUST-000019","2026-09-03","2026-10-01","3467.65","CAD"
"INV-1165","CUST-000020","2026-09-05","2026-10-01","2775.46","CAD"
"INV-1166","CUST-000020","2026-09-04","2026-10-01","4923.14","CAD"
"INV-1167","CUST-000020","2026-09-04","2026-10-01","1612.72","CAD"
"INV-1168","CUST-000020","2026-09-05","2026-10-01","3372.80","CAD"
"INV-1169","CUST-000020","2026-09-05","2026-10-01","1995.55","CAD"
"INV-1170","CUST-000020","2026-09-05","2026-10-01","1653.09","CAD"
"INV-1171","CUST-000020","2026-09-02","2026-10-01","2124.90","CAD"
"INV-1172","CUST-000020","2026-09-05","2026-10-01","2711.01","CAD"
"INV-1173","CUST-000021","2026-09-05","2026-10-01","3127.52","CAD"
"INV-1174","CUST-000021","2026-09-01","2026-10-01","3488.44","CAD"
"INV-1175","CUST-000021","2026-09-05","2026-10-01","1505.02","CAD"
"INV-1176","CUST-000021","2026-09-02","2026-10-01","2484.55","CAD"
"INV-1177","CUST-000021","2026-09-04","2026-10-01","3190.75","CAD"
"INV-1178","CUST-000021","2026-09-04","2026-10-01","3717.66","CAD"
"INV-1179","CUST-000021","2026-09-05","2026-10-01","1010.85","CAD"
"INV-1180","CUST-000021","2026-09-03","2026-10-01","4522.53","CAD"
"INV-1181","CUST-000022","2026-09-01","2026-10-01","2409.48","CAD"
"INV-1182","CUST-000022","2026-09-05","2026-10-01","2549.54","CAD"
"INV-1183","CUST-000022","2026-09-03","2026-10-01","3408.74","CAD"
"INV-1184","CUST-000022","2026-09-04","2026-10-01","2269.63","CAD"
"INV-1185","CUST-000022","2026-09-03","2026-10-01","3614.63","CAD"
"INV-1186","CUST-000022","2026-09-01","2026-10-01","312.25","CAD"
"INV-1187","CUST-000022","2026-09-01","2026-10-01","578.05","CAD"
"INV-1188","CUST-000022","2026-09-05","2026-10-01","1939.24","CAD"
"INV-1189","CUST-000023","2026-09-04","2026-10-01","4205.49","CAD"
"INV-1190","CUST-000023","2026-09-01","2026-10-01","515.27","CAD"
"INV-1191","CUST-000023","2026-09-04","2026-10-01","1424.31","CAD"
"INV-1192","CUST-000023","2026-09-05","2026-10-01","1421.39","CAD"
"INV-1193","CUST-000023","2026-09-05","2026-10-01","3167.85","CAD"
"INV-1194","CUST-000023","2026-09-02","2026-10-01","4451.88","CAD"
"INV-1195","CUST-000023","2026-09-04","2026-10-01","588.94","CAD"
"INV-1196","CUST-000023","2026-09-03","2026-10-01","1275.02","CAD"
"INV-1197","CUST-000024","2026-09-02","2026-10-01","1465.78","CAD"
"INV-1198","CUST-000024","2026-09-03","2026-10-01","3630.22","CAD"
"INV-1199","CUST-000024","2026-09-03","2026-10-01","2491.70","CAD"
"INV-1200","CUST-000024","2026-09-04","2026-10-01","634.48","CAD"
"INV-1201","CUST-000024","2026-09-05","2026-10-01","3476.54","CAD"
"INV-1202","CUST-000024","2026-09-01","2026-10-01","671.29","CAD"
"INV-1203","CUST-000024","2026-09-02","2026-10-01","262.46","CAD"
"INV-1204","CUST-000024","2026-09-02","2026-10-01","1276.75","CAD"
"INV-1205","CUST-000025","2026-09-03","2026-10-01","4952.89","CAD"
"INV-1206","CUST-000025","2026-09-02","2026-10-01","4216.02","CAD"
"INV-1207","CUST-000025","2026-09-01","2026-10-01","3280.79","CAD"
"INV-1208","CUST-000025","2026-09-04","2026-10-01","3700.08","CAD"
"INV-1209","CUST-000025","2026-09-02","2026-10-01","1941.81","CAD"
"INV-1210","CUST-000025","2026-09-03","2026-10-01","3948.87","CAD"
"INV-1211","CUST-000025","2026-09-01","2026-10-01","776.73","CAD"
"INV-1212","CUST-000025","2026-09-03","2026-10-01","3885.51","CAD"
"INV-1213","CUST-000026","2026-09-04","2026-10-01","4364.81","CAD"
"INV-1214","CUST-000026","2026-09-05","2026-10-01","2518.29","CAD"
"INV-1215","CUST-000026","2026-09-01","2026-10-01","959.54","CAD"
"INV-1216","CUST-000026","2026-09-04","2026-10-01","2805.38","CAD"
"INV-1217","CUST-000026","2026-09-04","2026-10-01","1112.15","CAD"
"INV-1218","CUST-000026","2026-09-01","2026-10-01","1282.35","CAD"
"INV-1219","CUST-000026","2026-09-04","2026-10-01","3333.44","CAD"
"INV-1220","CUST-000026","2026-09-02","2026-10-01","2821.60","CAD"
"INV-1221","CUST-000027","2026-09-03","2026-10-01","4617.96","CAD"
"INV-1222","CUST-000027","2026-09-01","2026-10-01","3751.06","CAD"
"INV-1223","CUST-000027","2026-09-03","2026-10-01","4791.85","CAD"
"INV-1224","CUST-000027","2026-09-01","2026-10-01","1491.33","CAD"
"INV-1225","CUST-000027","2026-09-04","2026-10-01","1698.73","CAD"
"INV-1226","CUST-000027","2026-09-02","2026-10-01","3828.90","CAD"
"INV-1227","CUST-000027","2026-09-03","2026-10-01","4327.60","CAD"
"INV-1228","CUST-000027","2026-09-04","2026-10-01","994.97","CAD"
"INV-1229","CUST-000028","2026-09-01","2026-10-01","2586.82","CAD"
"INV-1230","CUST-000028","2026-09-01","2026-10-01","4277.24","CAD"
"INV-1231","CUST-000028","2026-09-05","2026-10-01","768.10","CAD"
"INV-1232","CUST-000028","2026-09-03","2026-10-01","1137.14","CAD"
"INV-1233","CUST-000028","2026-09-04","2026-10-01","2592.63","CAD"
"INV-1234","CUST-000028","2026-09-04","2026-10-01","2474.22","CAD"
"INV-1235","CUST-000028","2026-09-05","2026-10-01","875.95","CAD"
"INV-1236","CUST-000028","2026-09-02","2026-10-01","4163.25","CAD"
"INV-1237","CUST-000029","2026-09-03","2026-10-01","1103.88","CAD"
"INV-1238","CUST-000029","2026-09-03","2026-10-01","3834.81","CAD"
"INV-1239","CUST-000029","2026-09-02","2026-10-01","2477.37","CAD"
"INV-1240","CUST-000029","2026-09-01","2026-10-01","2546.76","CAD"
