"payment_id","customer_id","payment_date","amount","currency","reference"
"PAY-1001","CUST-MAPLE","2026-09-10","1250.00","CAD",""
"PAY-1003","CUST-BIRCH","2026-09-10","480.00","CAD","Remittance: inv-1003"
"PAY-1004","CUST-CEDAR","2026-09-08","400.00","CAD","INV-1004"
"PAY-1005","CUST-CEDAR","2026-09-09","600.00","CAD","INV-1004"
"PAY-1006","CUST-ELM","2026-09-10","250.00","CAD","INV-1005"
"PAY-1007","CUST-WILLOW","2026-09-10","700.00","CAD","INV-1007"
"PAY-1008","CUST-OTHER","2026-09-10","900.00","CAD","INV-1008"
"PAY-1009","CUST-SPRUCE","2026-09-10","300.00","CAD","INV-1009"
"PAY-1010","CUST-SPRUCE","2026-09-10","300.00","CAD","INV-1009"
"PAY-1011","CUST-RIVER","2026-09-10","550.00","CAD","INV-NOT-FOUND"
"PAY-1012","","2026-09-10","840.00","CAD","INV-1011"
"PAY-1013","","2026-09-10","360.00","CAD","INV-1010 INV-1012"
